1536_row,1536_column,384_plate,384_row,384_column
1,1,1,1,1
1,2,1,1,3
1,3,1,1,5
1,4,1,1,7
1,5,1,1,9
1,6,1,1,11
1,7,1,1,13
1,8,1,1,15
1,9,1,1,17
1,10,1,1,19
1,11,1,1,21
1,12,1,1,23
1,13,2,1,1
1,14,2,1,3
1,15,2,1,5
1,16,2,1,7
1,17,2,1,9
1,18,2,1,11
1,19,2,1,13
1,20,2,1,15
1,21,2,1,17
1,22,2,1,19
1,23,2,1,21
1,24,2,1,23
1,25,3,1,1
1,26,3,1,3
1,27,3,1,5
1,28,3,1,7
1,29,3,1,9
1,30,3,1,11
1,31,3,1,13
1,32,3,1,15
1,33,3,1,17
1,34,3,1,19
1,35,3,1,21
1,36,3,1,23
1,37,4,1,1
1,38,4,1,3
1,39,4,1,5
1,40,4,1,7
1,41,4,1,9
1,42,4,1,11
1,43,4,1,13
1,44,4,1,15
1,45,4,1,17
1,46,4,1,19
1,47,4,1,21
1,48,4,1,23
2,1,1,2,1
2,2,1,2,3
2,3,1,2,5
2,4,1,2,7
2,5,1,2,9
2,6,1,2,11
2,7,1,2,13
2,8,1,2,15
2,9,1,2,17
2,10,1,2,19
2,11,1,2,21
2,12,1,2,23
2,13,2,2,1
2,14,2,2,3
2,15,2,2,5
2,16,2,2,7
2,17,2,2,9
2,18,2,2,11
2,19,2,2,13
2,20,2,2,15
2,21,2,2,17
2,22,2,2,19
2,23,2,2,21
2,24,2,2,23
2,25,3,2,1
2,26,3,2,3
2,27,3,2,5
2,28,3,2,7
2,29,3,2,9
2,30,3,2,11
2,31,3,2,13
2,32,3,2,15
2,33,3,2,17
2,34,3,2,19
2,35,3,2,21
2,36,3,2,23
2,37,4,2,1
2,38,4,2,3
2,39,4,2,5
2,40,4,2,7
2,41,4,2,9
2,42,4,2,11
2,43,4,2,13
2,44,4,2,15
2,45,4,2,17
2,46,4,2,19
2,47,4,2,21
2,48,4,2,23
3,1,1,1,2
3,2,1,1,4
3,3,1,1,6
3,4,1,1,8
3,5,1,1,10
3,6,1,1,12
3,7,1,1,14
3,8,1,1,16
3,9,1,1,18
3,10,1,1,20
3,11,1,1,22
3,12,1,1,24
3,13,2,1,2
3,14,2,1,4
3,15,2,1,6
3,16,2,1,8
3,17,2,1,10
3,18,2,1,12
3,19,2,1,14
3,20,2,1,16
3,21,2,1,18
3,22,2,1,20
3,23,2,1,22
3,24,2,1,24
3,25,3,1,2
3,26,3,1,4
3,27,3,1,6
3,28,3,1,8
3,29,3,1,10
3,30,3,1,12
3,31,3,1,14
3,32,3,1,16
3,33,3,1,18
3,34,3,1,20
3,35,3,1,22
3,36,3,1,24
3,37,4,1,2
3,38,4,1,4
3,39,4,1,6
3,40,4,1,8
3,41,4,1,10
3,42,4,1,12
3,43,4,1,14
3,44,4,1,16
3,45,4,1,18
3,46,4,1,20
3,47,4,1,22
3,48,4,1,24
4,1,1,2,2
4,2,1,2,4
4,3,1,2,6
4,4,1,2,8
4,5,1,2,10
4,6,1,2,12
4,7,1,2,14
4,8,1,2,16
4,9,1,2,18
4,10,1,2,20
4,11,1,2,22
4,12,1,2,24
4,13,2,2,2
4,14,2,2,4
4,15,2,2,6
4,16,2,2,8
4,17,2,2,10
4,18,2,2,12
4,19,2,2,14
4,20,2,2,16
4,21,2,2,18
4,22,2,2,20
4,23,2,2,22
4,24,2,2,24
4,25,3,2,2
4,26,3,2,4
4,27,3,2,6
4,28,3,2,8
4,29,3,2,10
4,30,3,2,12
4,31,3,2,14
4,32,3,2,16
4,33,3,2,18
4,34,3,2,20
4,35,3,2,22
4,36,3,2,24
4,37,4,2,2
4,38,4,2,4
4,39,4,2,6
4,40,4,2,8
4,41,4,2,10
4,42,4,2,12
4,43,4,2,14
4,44,4,2,16
4,45,4,2,18
4,46,4,2,20
4,47,4,2,22
4,48,4,2,24
5,1,1,3,1
5,2,1,3,3
5,3,1,3,5
5,4,1,3,7
5,5,1,3,9
5,6,1,3,11
5,7,1,3,13
5,8,1,3,15
5,9,1,3,17
5,10,1,3,19
5,11,1,3,21
5,12,1,3,23
5,13,2,3,1
5,14,2,3,3
5,15,2,3,5
5,16,2,3,7
5,17,2,3,9
5,18,2,3,11
5,19,2,3,13
5,20,2,3,15
5,21,2,3,17
5,22,2,3,19
5,23,2,3,21
5,24,2,3,23
5,25,3,3,1
5,26,3,3,3
5,27,3,3,5
5,28,3,3,7
5,29,3,3,9
5,30,3,3,11
5,31,3,3,13
5,32,3,3,15
5,33,3,3,17
5,34,3,3,19
5,35,3,3,21
5,36,3,3,23
5,37,4,3,1
5,38,4,3,3
5,39,4,3,5
5,40,4,3,7
5,41,4,3,9
5,42,4,3,11
5,43,4,3,13
5,44,4,3,15
5,45,4,3,17
5,46,4,3,19
5,47,4,3,21
5,48,4,3,23
6,1,1,4,1
6,2,1,4,3
6,3,1,4,5
6,4,1,4,7
6,5,1,4,9
6,6,1,4,11
6,7,1,4,13
6,8,1,4,15
6,9,1,4,17
6,10,1,4,19
6,11,1,4,21
6,12,1,4,23
6,13,2,4,1
6,14,2,4,3
6,15,2,4,5
6,16,2,4,7
6,17,2,4,9
6,18,2,4,11
6,19,2,4,13
6,20,2,4,15
6,21,2,4,17
6,22,2,4,19
6,23,2,4,21
6,24,2,4,23
6,25,3,4,1
6,26,3,4,3
6,27,3,4,5
6,28,3,4,7
6,29,3,4,9
6,30,3,4,11
6,31,3,4,13
6,32,3,4,15
6,33,3,4,17
6,34,3,4,19
6,35,3,4,21
6,36,3,4,23
6,37,4,4,1
6,38,4,4,3
6,39,4,4,5
6,40,4,4,7
6,41,4,4,9
6,42,4,4,11
6,43,4,4,13
6,44,4,4,15
6,45,4,4,17
6,46,4,4,19
6,47,4,4,21
6,48,4,4,23
7,1,1,3,2
7,2,1,3,4
7,3,1,3,6
7,4,1,3,8
7,5,1,3,10
7,6,1,3,12
7,7,1,3,14
7,8,1,3,16
7,9,1,3,18
7,10,1,3,20
7,11,1,3,22
7,12,1,3,24
7,13,2,3,2
7,14,2,3,4
7,15,2,3,6
7,16,2,3,8
7,17,2,3,10
7,18,2,3,12
7,19,2,3,14
7,20,2,3,16
7,21,2,3,18
7,22,2,3,20
7,23,2,3,22
7,24,2,3,24
7,25,3,3,2
7,26,3,3,4
7,27,3,3,6
7,28,3,3,8
7,29,3,3,10
7,30,3,3,12
7,31,3,3,14
7,32,3,3,16
7,33,3,3,18
7,34,3,3,20
7,35,3,3,22
7,36,3,3,24
7,37,4,3,2
7,38,4,3,4
7,39,4,3,6
7,40,4,3,8
7,41,4,3,10
7,42,4,3,12
7,43,4,3,14
7,44,4,3,16
7,45,4,3,18
7,46,4,3,20
7,47,4,3,22
7,48,4,3,24
8,1,1,4,2
8,2,1,4,4
8,3,1,4,6
8,4,1,4,8
8,5,1,4,10
8,6,1,4,12
8,7,1,4,14
8,8,1,4,16
8,9,1,4,18
8,10,1,4,20
8,11,1,4,22
8,12,1,4,24
8,13,2,4,2
8,14,2,4,4
8,15,2,4,6
8,16,2,4,8
8,17,2,4,10
8,18,2,4,12
8,19,2,4,14
8,20,2,4,16
8,21,2,4,18
8,22,2,4,20
8,23,2,4,22
8,24,2,4,24
8,25,3,4,2
8,26,3,4,4
8,27,3,4,6
8,28,3,4,8
8,29,3,4,10
8,30,3,4,12
8,31,3,4,14
8,32,3,4,16
8,33,3,4,18
8,34,3,4,20
8,35,3,4,22
8,36,3,4,24
8,37,4,4,2
8,38,4,4,4
8,39,4,4,6
8,40,4,4,8
8,41,4,4,10
8,42,4,4,12
8,43,4,4,14
8,44,4,4,16
8,45,4,4,18
8,46,4,4,20
8,47,4,4,22
8,48,4,4,24
9,1,1,5,1
9,2,1,5,3
9,3,1,5,5
9,4,1,5,7
9,5,1,5,9
9,6,1,5,11
9,7,1,5,13
9,8,1,5,15
9,9,1,5,17
9,10,1,5,19
9,11,1,5,21
9,12,1,5,23
9,13,2,5,1
9,14,2,5,3
9,15,2,5,5
9,16,2,5,7
9,17,2,5,9
9,18,2,5,11
9,19,2,5,13
9,20,2,5,15
9,21,2,5,17
9,22,2,5,19
9,23,2,5,21
9,24,2,5,23
9,25,3,5,1
9,26,3,5,3
9,27,3,5,5
9,28,3,5,7
9,29,3,5,9
9,30,3,5,11
9,31,3,5,13
9,32,3,5,15
9,33,3,5,17
9,34,3,5,19
9,35,3,5,21
9,36,3,5,23
9,37,4,5,1
9,38,4,5,3
9,39,4,5,5
9,40,4,5,7
9,41,4,5,9
9,42,4,5,11
9,43,4,5,13
9,44,4,5,15
9,45,4,5,17
9,46,4,5,19
9,47,4,5,21
9,48,4,5,23
10,1,1,6,1
10,2,1,6,3
10,3,1,6,5
10,4,1,6,7
10,5,1,6,9
10,6,1,6,11
10,7,1,6,13
10,8,1,6,15
10,9,1,6,17
10,10,1,6,19
10,11,1,6,21
10,12,1,6,23
10,13,2,6,1
10,14,2,6,3
10,15,2,6,5
10,16,2,6,7
10,17,2,6,9
10,18,2,6,11
10,19,2,6,13
10,20,2,6,15
10,21,2,6,17
10,22,2,6,19
10,23,2,6,21
10,24,2,6,23
10,25,3,6,1
10,26,3,6,3
10,27,3,6,5
10,28,3,6,7
10,29,3,6,9
10,30,3,6,11
10,31,3,6,13
10,32,3,6,15
10,33,3,6,17
10,34,3,6,19
10,35,3,6,21
10,36,3,6,23
10,37,4,6,1
10,38,4,6,3
10,39,4,6,5
10,40,4,6,7
10,41,4,6,9
10,42,4,6,11
10,43,4,6,13
10,44,4,6,15
10,45,4,6,17
10,46,4,6,19
10,47,4,6,21
10,48,4,6,23
11,1,1,5,2
11,2,1,5,4
11,3,1,5,6
11,4,1,5,8
11,5,1,5,10
11,6,1,5,12
11,7,1,5,14
11,8,1,5,16
11,9,1,5,18
11,10,1,5,20
11,11,1,5,22
11,12,1,5,24
11,13,2,5,2
11,14,2,5,4
11,15,2,5,6
11,16,2,5,8
11,17,2,5,10
11,18,2,5,12
11,19,2,5,14
11,20,2,5,16
11,21,2,5,18
11,22,2,5,20
11,23,2,5,22
11,24,2,5,24
11,25,3,5,2
11,26,3,5,4
11,27,3,5,6
11,28,3,5,8
11,29,3,5,10
11,30,3,5,12
11,31,3,5,14
11,32,3,5,16
11,33,3,5,18
11,34,3,5,20
11,35,3,5,22
11,36,3,5,24
11,37,4,5,2
11,38,4,5,4
11,39,4,5,6
11,40,4,5,8
11,41,4,5,10
11,42,4,5,12
11,43,4,5,14
11,44,4,5,16
11,45,4,5,18
11,46,4,5,20
11,47,4,5,22
11,48,4,5,24
12,1,1,6,2
12,2,1,6,4
12,3,1,6,6
12,4,1,6,8
12,5,1,6,10
12,6,1,6,12
12,7,1,6,14
12,8,1,6,16
12,9,1,6,18
12,10,1,6,20
12,11,1,6,22
12,12,1,6,24
12,13,2,6,2
12,14,2,6,4
12,15,2,6,6
12,16,2,6,8
12,17,2,6,10
12,18,2,6,12
12,19,2,6,14
12,20,2,6,16
12,21,2,6,18
12,22,2,6,20
12,23,2,6,22
12,24,2,6,24
12,25,3,6,2
12,26,3,6,4
12,27,3,6,6
12,28,3,6,8
12,29,3,6,10
12,30,3,6,12
12,31,3,6,14
12,32,3,6,16
12,33,3,6,18
12,34,3,6,20
12,35,3,6,22
12,36,3,6,24
12,37,4,6,2
12,38,4,6,4
12,39,4,6,6
12,40,4,6,8
12,41,4,6,10
12,42,4,6,12
12,43,4,6,14
12,44,4,6,16
12,45,4,6,18
12,46,4,6,20
12,47,4,6,22
12,48,4,6,24
13,1,1,7,1
13,2,1,7,3
13,3,1,7,5
13,4,1,7,7
13,5,1,7,9
13,6,1,7,11
13,7,1,7,13
13,8,1,7,15
13,9,1,7,17
13,10,1,7,19
13,11,1,7,21
13,12,1,7,23
13,13,2,7,1
13,14,2,7,3
13,15,2,7,5
13,16,2,7,7
13,17,2,7,9
13,18,2,7,11
13,19,2,7,13
13,20,2,7,15
13,21,2,7,17
13,22,2,7,19
13,23,2,7,21
13,24,2,7,23
13,25,3,7,1
13,26,3,7,3
13,27,3,7,5
13,28,3,7,7
13,29,3,7,9
13,30,3,7,11
13,31,3,7,13
13,32,3,7,15
13,33,3,7,17
13,34,3,7,19
13,35,3,7,21
13,36,3,7,23
13,37,4,7,1
13,38,4,7,3
13,39,4,7,5
13,40,4,7,7
13,41,4,7,9
13,42,4,7,11
13,43,4,7,13
13,44,4,7,15
13,45,4,7,17
13,46,4,7,19
13,47,4,7,21
13,48,4,7,23
14,1,1,8,1
14,2,1,8,3
14,3,1,8,5
14,4,1,8,7
14,5,1,8,9
14,6,1,8,11
14,7,1,8,13
14,8,1,8,15
14,9,1,8,17
14,10,1,8,19
14,11,1,8,21
14,12,1,8,23
14,13,2,8,1
14,14,2,8,3
14,15,2,8,5
14,16,2,8,7
14,17,2,8,9
14,18,2,8,11
14,19,2,8,13
14,20,2,8,15
14,21,2,8,17
14,22,2,8,19
14,23,2,8,21
14,24,2,8,23
14,25,3,8,1
14,26,3,8,3
14,27,3,8,5
14,28,3,8,7
14,29,3,8,9
14,30,3,8,11
14,31,3,8,13
14,32,3,8,15
14,33,3,8,17
14,34,3,8,19
14,35,3,8,21
14,36,3,8,23
14,37,4,8,1
14,38,4,8,3
14,39,4,8,5
14,40,4,8,7
14,41,4,8,9
14,42,4,8,11
14,43,4,8,13
14,44,4,8,15
14,45,4,8,17
14,46,4,8,19
14,47,4,8,21
14,48,4,8,23
15,1,1,7,2
15,2,1,7,4
15,3,1,7,6
15,4,1,7,8
15,5,1,7,10
15,6,1,7,12
15,7,1,7,14
15,8,1,7,16
15,9,1,7,18
15,10,1,7,20
15,11,1,7,22
15,12,1,7,24
15,13,2,7,2
15,14,2,7,4
15,15,2,7,6
15,16,2,7,8
15,17,2,7,10
15,18,2,7,12
15,19,2,7,14
15,20,2,7,16
15,21,2,7,18
15,22,2,7,20
15,23,2,7,22
15,24,2,7,24
15,25,3,7,2
15,26,3,7,4
15,27,3,7,6
15,28,3,7,8
15,29,3,7,10
15,30,3,7,12
15,31,3,7,14
15,32,3,7,16
15,33,3,7,18
15,34,3,7,20
15,35,3,7,22
15,36,3,7,24
15,37,4,7,2
15,38,4,7,4
15,39,4,7,6
15,40,4,7,8
15,41,4,7,10
15,42,4,7,12
15,43,4,7,14
15,44,4,7,16
15,45,4,7,18
15,46,4,7,20
15,47,4,7,22
15,48,4,7,24
16,1,1,8,2
16,2,1,8,4
16,3,1,8,6
16,4,1,8,8
16,5,1,8,10
16,6,1,8,12
16,7,1,8,14
16,8,1,8,16
16,9,1,8,18
16,10,1,8,20
16,11,1,8,22
16,12,1,8,24
16,13,2,8,2
16,14,2,8,4
16,15,2,8,6
16,16,2,8,8
16,17,2,8,10
16,18,2,8,12
16,19,2,8,14
16,20,2,8,16
16,21,2,8,18
16,22,2,8,20
16,23,2,8,22
16,24,2,8,24
16,25,3,8,2
16,26,3,8,4
16,27,3,8,6
16,28,3,8,8
16,29,3,8,10
16,30,3,8,12
16,31,3,8,14
16,32,3,8,16
16,33,3,8,18
16,34,3,8,20
16,35,3,8,22
16,36,3,8,24
16,37,4,8,2
16,38,4,8,4
16,39,4,8,6
16,40,4,8,8
16,41,4,8,10
16,42,4,8,12
16,43,4,8,14
16,44,4,8,16
16,45,4,8,18
16,46,4,8,20
16,47,4,8,22
16,48,4,8,24
17,1,1,9,1
17,2,1,9,3
17,3,1,9,5
17,4,1,9,7
17,5,1,9,9
17,6,1,9,11
17,7,1,9,13
17,8,1,9,15
17,9,1,9,17
17,10,1,9,19
17,11,1,9,21
17,12,1,9,23
17,13,2,9,1
17,14,2,9,3
17,15,2,9,5
17,16,2,9,7
17,17,2,9,9
17,18,2,9,11
17,19,2,9,13
17,20,2,9,15
17,21,2,9,17
17,22,2,9,19
17,23,2,9,21
17,24,2,9,23
17,25,3,9,1
17,26,3,9,3
17,27,3,9,5
17,28,3,9,7
17,29,3,9,9
17,30,3,9,11
17,31,3,9,13
17,32,3,9,15
17,33,3,9,17
17,34,3,9,19
17,35,3,9,21
17,36,3,9,23
17,37,4,9,1
17,38,4,9,3
17,39,4,9,5
17,40,4,9,7
17,41,4,9,9
17,42,4,9,11
17,43,4,9,13
17,44,4,9,15
17,45,4,9,17
17,46,4,9,19
17,47,4,9,21
17,48,4,9,23
18,1,1,10,1
18,2,1,10,3
18,3,1,10,5
18,4,1,10,7
18,5,1,10,9
18,6,1,10,11
18,7,1,10,13
18,8,1,10,15
18,9,1,10,17
18,10,1,10,19
18,11,1,10,21
18,12,1,10,23
18,13,2,10,1
18,14,2,10,3
18,15,2,10,5
18,16,2,10,7
18,17,2,10,9
18,18,2,10,11
18,19,2,10,13
18,20,2,10,15
18,21,2,10,17
18,22,2,10,19
18,23,2,10,21
18,24,2,10,23
18,25,3,10,1
18,26,3,10,3
18,27,3,10,5
18,28,3,10,7
18,29,3,10,9
18,30,3,10,11
18,31,3,10,13
18,32,3,10,15
18,33,3,10,17
18,34,3,10,19
18,35,3,10,21
18,36,3,10,23
18,37,4,10,1
18,38,4,10,3
18,39,4,10,5
18,40,4,10,7
18,41,4,10,9
18,42,4,10,11
18,43,4,10,13
18,44,4,10,15
18,45,4,10,17
18,46,4,10,19
18,47,4,10,21
18,48,4,10,23
19,1,1,9,2
19,2,1,9,4
19,3,1,9,6
19,4,1,9,8
19,5,1,9,10
19,6,1,9,12
19,7,1,9,14
19,8,1,9,16
19,9,1,9,18
19,10,1,9,20
19,11,1,9,22
19,12,1,9,24
19,13,2,9,2
19,14,2,9,4
19,15,2,9,6
19,16,2,9,8
19,17,2,9,10
19,18,2,9,12
19,19,2,9,14
19,20,2,9,16
19,21,2,9,18
19,22,2,9,20
19,23,2,9,22
19,24,2,9,24
19,25,3,9,2
19,26,3,9,4
19,27,3,9,6
19,28,3,9,8
19,29,3,9,10
19,30,3,9,12
19,31,3,9,14
19,32,3,9,16
19,33,3,9,18
19,34,3,9,20
19,35,3,9,22
19,36,3,9,24
19,37,4,9,2
19,38,4,9,4
19,39,4,9,6
19,40,4,9,8
19,41,4,9,10
19,42,4,9,12
19,43,4,9,14
19,44,4,9,16
19,45,4,9,18
19,46,4,9,20
19,47,4,9,22
19,48,4,9,24
20,1,1,10,2
20,2,1,10,4
20,3,1,10,6
20,4,1,10,8
20,5,1,10,10
20,6,1,10,12
20,7,1,10,14
20,8,1,10,16
20,9,1,10,18
20,10,1,10,20
20,11,1,10,22
20,12,1,10,24
20,13,2,10,2
20,14,2,10,4
20,15,2,10,6
20,16,2,10,8
20,17,2,10,10
20,18,2,10,12
20,19,2,10,14
20,20,2,10,16
20,21,2,10,18
20,22,2,10,20
20,23,2,10,22
20,24,2,10,24
20,25,3,10,2
20,26,3,10,4
20,27,3,10,6
20,28,3,10,8
20,29,3,10,10
20,30,3,10,12
20,31,3,10,14
20,32,3,10,16
20,33,3,10,18
20,34,3,10,20
20,35,3,10,22
20,36,3,10,24
20,37,4,10,2
20,38,4,10,4
20,39,4,10,6
20,40,4,10,8
20,41,4,10,10
20,42,4,10,12
20,43,4,10,14
20,44,4,10,16
20,45,4,10,18
20,46,4,10,20
20,47,4,10,22
20,48,4,10,24
21,1,1,11,1
21,2,1,11,3
21,3,1,11,5
21,4,1,11,7
21,5,1,11,9
21,6,1,11,11
21,7,1,11,13
21,8,1,11,15
21,9,1,11,17
21,10,1,11,19
21,11,1,11,21
21,12,1,11,23
21,13,2,11,1
21,14,2,11,3
21,15,2,11,5
21,16,2,11,7
21,17,2,11,9
21,18,2,11,11
21,19,2,11,13
21,20,2,11,15
21,21,2,11,17
21,22,2,11,19
21,23,2,11,21
21,24,2,11,23
21,25,3,11,1
21,26,3,11,3
21,27,3,11,5
21,28,3,11,7
21,29,3,11,9
21,30,3,11,11
21,31,3,11,13
21,32,3,11,15
21,33,3,11,17
21,34,3,11,19
21,35,3,11,21
21,36,3,11,23
21,37,4,11,1
21,38,4,11,3
21,39,4,11,5
21,40,4,11,7
21,41,4,11,9
21,42,4,11,11
21,43,4,11,13
21,44,4,11,15
21,45,4,11,17
21,46,4,11,19
21,47,4,11,21
21,48,4,11,23
22,1,1,12,1
22,2,1,12,3
22,3,1,12,5
22,4,1,12,7
22,5,1,12,9
22,6,1,12,11
22,7,1,12,13
22,8,1,12,15
22,9,1,12,17
22,10,1,12,19
22,11,1,12,21
22,12,1,12,23
22,13,2,12,1
22,14,2,12,3
22,15,2,12,5
22,16,2,12,7
22,17,2,12,9
22,18,2,12,11
22,19,2,12,13
22,20,2,12,15
22,21,2,12,17
22,22,2,12,19
22,23,2,12,21
22,24,2,12,23
22,25,3,12,1
22,26,3,12,3
22,27,3,12,5
22,28,3,12,7
22,29,3,12,9
22,30,3,12,11
22,31,3,12,13
22,32,3,12,15
22,33,3,12,17
22,34,3,12,19
22,35,3,12,21
22,36,3,12,23
22,37,4,12,1
22,38,4,12,3
22,39,4,12,5
22,40,4,12,7
22,41,4,12,9
22,42,4,12,11
22,43,4,12,13
22,44,4,12,15
22,45,4,12,17
22,46,4,12,19
22,47,4,12,21
22,48,4,12,23
23,1,1,11,2
23,2,1,11,4
23,3,1,11,6
23,4,1,11,8
23,5,1,11,10
23,6,1,11,12
23,7,1,11,14
23,8,1,11,16
23,9,1,11,18
23,10,1,11,20
23,11,1,11,22
23,12,1,11,24
23,13,2,11,2
23,14,2,11,4
23,15,2,11,6
23,16,2,11,8
23,17,2,11,10
23,18,2,11,12
23,19,2,11,14
23,20,2,11,16
23,21,2,11,18
23,22,2,11,20
23,23,2,11,22
23,24,2,11,24
23,25,3,11,2
23,26,3,11,4
23,27,3,11,6
23,28,3,11,8
23,29,3,11,10
23,30,3,11,12
23,31,3,11,14
23,32,3,11,16
23,33,3,11,18
23,34,3,11,20
23,35,3,11,22
23,36,3,11,24
23,37,4,11,2
23,38,4,11,4
23,39,4,11,6
23,40,4,11,8
23,41,4,11,10
23,42,4,11,12
23,43,4,11,14
23,44,4,11,16
23,45,4,11,18
23,46,4,11,20
23,47,4,11,22
23,48,4,11,24
24,1,1,12,2
24,2,1,12,4
24,3,1,12,6
24,4,1,12,8
24,5,1,12,10
24,6,1,12,12
24,7,1,12,14
24,8,1,12,16
24,9,1,12,18
24,10,1,12,20
24,11,1,12,22
24,12,1,12,24
24,13,2,12,2
24,14,2,12,4
24,15,2,12,6
24,16,2,12,8
24,17,2,12,10
24,18,2,12,12
24,19,2,12,14
24,20,2,12,16
24,21,2,12,18
24,22,2,12,20
24,23,2,12,22
24,24,2,12,24
24,25,3,12,2
24,26,3,12,4
24,27,3,12,6
24,28,3,12,8
24,29,3,12,10
24,30,3,12,12
24,31,3,12,14
24,32,3,12,16
24,33,3,12,18
24,34,3,12,20
24,35,3,12,22
24,36,3,12,24
24,37,4,12,2
24,38,4,12,4
24,39,4,12,6
24,40,4,12,8
24,41,4,12,10
24,42,4,12,12
24,43,4,12,14
24,44,4,12,16
24,45,4,12,18
24,46,4,12,20
24,47,4,12,22
24,48,4,12,24
25,1,1,13,1
25,2,1,13,3
25,3,1,13,5
25,4,1,13,7
25,5,1,13,9
25,6,1,13,11
25,7,1,13,13
25,8,1,13,15
25,9,1,13,17
25,10,1,13,19
25,11,1,13,21
25,12,1,13,23
25,13,2,13,1
25,14,2,13,3
25,15,2,13,5
25,16,2,13,7
25,17,2,13,9
25,18,2,13,11
25,19,2,13,13
25,20,2,13,15
25,21,2,13,17
25,22,2,13,19
25,23,2,13,21
25,24,2,13,23
25,25,3,13,1
25,26,3,13,3
25,27,3,13,5
25,28,3,13,7
25,29,3,13,9
25,30,3,13,11
25,31,3,13,13
25,32,3,13,15
25,33,3,13,17
25,34,3,13,19
25,35,3,13,21
25,36,3,13,23
25,37,4,13,1
25,38,4,13,3
25,39,4,13,5
25,40,4,13,7
25,41,4,13,9
25,42,4,13,11
25,43,4,13,13
25,44,4,13,15
25,45,4,13,17
25,46,4,13,19
25,47,4,13,21
25,48,4,13,23
26,1,1,14,1
26,2,1,14,3
26,3,1,14,5
26,4,1,14,7
26,5,1,14,9
26,6,1,14,11
26,7,1,14,13
26,8,1,14,15
26,9,1,14,17
26,10,1,14,19
26,11,1,14,21
26,12,1,14,23
26,13,2,14,1
26,14,2,14,3
26,15,2,14,5
26,16,2,14,7
26,17,2,14,9
26,18,2,14,11
26,19,2,14,13
26,20,2,14,15
26,21,2,14,17
26,22,2,14,19
26,23,2,14,21
26,24,2,14,23
26,25,3,14,1
26,26,3,14,3
26,27,3,14,5
26,28,3,14,7
26,29,3,14,9
26,30,3,14,11
26,31,3,14,13
26,32,3,14,15
26,33,3,14,17
26,34,3,14,19
26,35,3,14,21
26,36,3,14,23
26,37,4,14,1
26,38,4,14,3
26,39,4,14,5
26,40,4,14,7
26,41,4,14,9
26,42,4,14,11
26,43,4,14,13
26,44,4,14,15
26,45,4,14,17
26,46,4,14,19
26,47,4,14,21
26,48,4,14,23
27,1,1,13,2
27,2,1,13,4
27,3,1,13,6
27,4,1,13,8
27,5,1,13,10
27,6,1,13,12
27,7,1,13,14
27,8,1,13,16
27,9,1,13,18
27,10,1,13,20
27,11,1,13,22
27,12,1,13,24
27,13,2,13,2
27,14,2,13,4
27,15,2,13,6
27,16,2,13,8
27,17,2,13,10
27,18,2,13,12
27,19,2,13,14
27,20,2,13,16
27,21,2,13,18
27,22,2,13,20
27,23,2,13,22
27,24,2,13,24
27,25,3,13,2
27,26,3,13,4
27,27,3,13,6
27,28,3,13,8
27,29,3,13,10
27,30,3,13,12
27,31,3,13,14
27,32,3,13,16
27,33,3,13,18
27,34,3,13,20
27,35,3,13,22
27,36,3,13,24
27,37,4,13,2
27,38,4,13,4
27,39,4,13,6
27,40,4,13,8
27,41,4,13,10
27,42,4,13,12
27,43,4,13,14
27,44,4,13,16
27,45,4,13,18
27,46,4,13,20
27,47,4,13,22
27,48,4,13,24
28,1,1,14,2
28,2,1,14,4
28,3,1,14,6
28,4,1,14,8
28,5,1,14,10
28,6,1,14,12
28,7,1,14,14
28,8,1,14,16
28,9,1,14,18
28,10,1,14,20
28,11,1,14,22
28,12,1,14,24
28,13,2,14,2
28,14,2,14,4
28,15,2,14,6
28,16,2,14,8
28,17,2,14,10
28,18,2,14,12
28,19,2,14,14
28,20,2,14,16
28,21,2,14,18
28,22,2,14,20
28,23,2,14,22
28,24,2,14,24
28,25,3,14,2
28,26,3,14,4
28,27,3,14,6
28,28,3,14,8
28,29,3,14,10
28,30,3,14,12
28,31,3,14,14
28,32,3,14,16
28,33,3,14,18
28,34,3,14,20
28,35,3,14,22
28,36,3,14,24
28,37,4,14,2
28,38,4,14,4
28,39,4,14,6
28,40,4,14,8
28,41,4,14,10
28,42,4,14,12
28,43,4,14,14
28,44,4,14,16
28,45,4,14,18
28,46,4,14,20
28,47,4,14,22
28,48,4,14,24
29,1,1,15,1
29,2,1,15,3
29,3,1,15,5
29,4,1,15,7
29,5,1,15,9
29,6,1,15,11
29,7,1,15,13
29,8,1,15,15
29,9,1,15,17
29,10,1,15,19
29,11,1,15,21
29,12,1,15,23
29,13,2,15,1
29,14,2,15,3
29,15,2,15,5
29,16,2,15,7
29,17,2,15,9
29,18,2,15,11
29,19,2,15,13
29,20,2,15,15
29,21,2,15,17
29,22,2,15,19
29,23,2,15,21
29,24,2,15,23
29,25,3,15,1
29,26,3,15,3
29,27,3,15,5
29,28,3,15,7
29,29,3,15,9
29,30,3,15,11
29,31,3,15,13
29,32,3,15,15
29,33,3,15,17
29,34,3,15,19
29,35,3,15,21
29,36,3,15,23
29,37,4,15,1
29,38,4,15,3
29,39,4,15,5
29,40,4,15,7
29,41,4,15,9
29,42,4,15,11
29,43,4,15,13
29,44,4,15,15
29,45,4,15,17
29,46,4,15,19
29,47,4,15,21
29,48,4,15,23
30,1,1,16,1
30,2,1,16,3
30,3,1,16,5
30,4,1,16,7
30,5,1,16,9
30,6,1,16,11
30,7,1,16,13
30,8,1,16,15
30,9,1,16,17
30,10,1,16,19
30,11,1,16,21
30,12,1,16,23
30,13,2,16,1
30,14,2,16,3
30,15,2,16,5
30,16,2,16,7
30,17,2,16,9
30,18,2,16,11
30,19,2,16,13
30,20,2,16,15
30,21,2,16,17
30,22,2,16,19
30,23,2,16,21
30,24,2,16,23
30,25,3,16,1
30,26,3,16,3
30,27,3,16,5
30,28,3,16,7
30,29,3,16,9
30,30,3,16,11
30,31,3,16,13
30,32,3,16,15
30,33,3,16,17
30,34,3,16,19
30,35,3,16,21
30,36,3,16,23
30,37,4,16,1
30,38,4,16,3
30,39,4,16,5
30,40,4,16,7
30,41,4,16,9
30,42,4,16,11
30,43,4,16,13
30,44,4,16,15
30,45,4,16,17
30,46,4,16,19
30,47,4,16,21
30,48,4,16,23
31,1,1,15,2
31,2,1,15,4
31,3,1,15,6
31,4,1,15,8
31,5,1,15,10
31,6,1,15,12
31,7,1,15,14
31,8,1,15,16
31,9,1,15,18
31,10,1,15,20
31,11,1,15,22
31,12,1,15,24
31,13,2,15,2
31,14,2,15,4
31,15,2,15,6
31,16,2,15,8
31,17,2,15,10
31,18,2,15,12
31,19,2,15,14
31,20,2,15,16
31,21,2,15,18
31,22,2,15,20
31,23,2,15,22
31,24,2,15,24
31,25,3,15,2
31,26,3,15,4
31,27,3,15,6
31,28,3,15,8
31,29,3,15,10
31,30,3,15,12
31,31,3,15,14
31,32,3,15,16
31,33,3,15,18
31,34,3,15,20
31,35,3,15,22
31,36,3,15,24
31,37,4,15,2
31,38,4,15,4
31,39,4,15,6
31,40,4,15,8
31,41,4,15,10
31,42,4,15,12
31,43,4,15,14
31,44,4,15,16
31,45,4,15,18
31,46,4,15,20
31,47,4,15,22
31,48,4,15,24
32,1,1,16,2
32,2,1,16,4
32,3,1,16,6
32,4,1,16,8
32,5,1,16,10
32,6,1,16,12
32,7,1,16,14
32,8,1,16,16
32,9,1,16,18
32,10,1,16,20
32,11,1,16,22
32,12,1,16,24
32,13,2,16,2
32,14,2,16,4
32,15,2,16,6
32,16,2,16,8
32,17,2,16,10
32,18,2,16,12
32,19,2,16,14
32,20,2,16,16
32,21,2,16,18
32,22,2,16,20
32,23,2,16,22
32,24,2,16,24
32,25,3,16,2
32,26,3,16,4
32,27,3,16,6
32,28,3,16,8
32,29,3,16,10
32,30,3,16,12
32,31,3,16,14
32,32,3,16,16
32,33,3,16,18
32,34,3,16,20
32,35,3,16,22
32,36,3,16,24
32,37,4,16,2
32,38,4,16,4
32,39,4,16,6
32,40,4,16,8
32,41,4,16,10
32,42,4,16,12
32,43,4,16,14
32,44,4,16,16
32,45,4,16,18
32,46,4,16,20
32,47,4,16,22
32,48,4,16,24